{
  "type": "minecraft:crafting_shaped",
  "pattern": [
    "DOD",
    "Q#Q",
    "ERE"
  ],
  "key": {
    "D": {
      "item": "minecraft:daylight_detector"
    },
    "O": {
      "item": "minecraft:lapis_block"
    },
    "Q": {
      "item": "minecraft:quartz"
    },
    "#": {
      "item": "minecraft:ender_pearl"
    },
    "E": {
      "item": "minecraft:emerald"
    },
    "R": {
      "item": "minecraft:redstone_block"
    }
  },
  "result": {
    "item": "sync:sync_core"
  },
  "conditions": {
    "fabric:mods_loaded": "sync",
    "is_hardcore": null
  }
}
